{"cameraMode":{"drawMode":0,"name":"Shaded","section":"Shading Mode"},"sceneLighting":false,"audioPlay":false,"sceneViewState":{"showFog":true,"showMaterialUpdate":false,"showSkybox":false,"showFlares":true,"showImageEffects":true,"showParticleSystems":true},"in2DMode":false,"pivot":{"x":-0.38864338397979739,"y":-0.5087584853172302,"z":-10.27973747253418},"rotation":{"x":0.04917976260185242,"y":0.6182771921157837,"z":0.0388110987842083,"w":-0.7834609746932983},"size":2.2570323944091799,"orthographic":false}