{"cameraMode":{"drawMode":0,"name":"Shaded","section":"Shading Mode"},"sceneLighting":true,"audioPlay":false,"sceneViewState":{"showFog":true,"showMaterialUpdate":false,"showSkybox":true,"showFlares":true,"showImageEffects":true,"showParticleSystems":true},"in2DMode":false,"pivot":{"x":1.5373413562774659,"y":-32.522098541259769,"z":58.75199890136719},"rotation":{"x":0.2522425651550293,"y":0.006674032658338547,"z":-0.00174334563780576,"w":0.967649519443512},"size":81.63140869140625,"orthographic":false}