{"cameraMode":{"drawMode":0,"name":"Shaded","section":"Shading Mode"},"sceneLighting":true,"audioPlay":false,"sceneViewState":{"showFog":true,"showMaterialUpdate":false,"showSkybox":true,"showFlares":true,"showImageEffects":true,"showParticleSystems":true},"in2DMode":false,"pivot":{"x":224.0855712890625,"y":279.5357360839844,"z":1819.171630859375},"rotation":{"x":-0.0003095866122748703,"y":-0.012902415357530117,"z":0.000004020310825580964,"w":-0.9999170899391174},"size":2752.515380859375,"orthographic":false}